"id:ID","uuid","cl","cli","term_uri","notation","pref_label"
"1760","4b434d8c-7acc-4103-bc4a-2731eeb24187","D000001","D100007","https://ct.d4k.dk/dataset/sc/2022-10-01/test-codes/D000001/D100007","INCLCRIT","Inclusion Criteria"
"1761","e2111200-1bca-4996-8429-18fafba05986","D000001","D100008","https://ct.d4k.dk/dataset/sc/2022-10-01/test-codes/D000001/D100008","EXCLCRIT","Exclusion Criteria"
"1762","439b23eb-4d89-4ecb-b2fa-3740d194fe73","D000001","D100005","https://ct.d4k.dk/dataset/sc/2022-09-01/test-codes/D000001/D100005","DRUG EXPOSURE","Drug Exposure"
"1763","d060f98d-8905-4c7d-8b73-210cba654328","D000001","D100005","https://ct.d4k.dk/dataset/sc/2022-09-01/test-codes/D000001/D100005","DRUG EXPOSURE","Drug Exposure"
"1764","5c7ae3a5-1772-4cc9-ac7a-956779b195c8","D000001","D100004","https://ct.d4k.dk/dataset/sc/2022-09-01/test-codes/D000001/D100004","ADVERSE EVENT","Adverse Event"
"1765","7d421724-06da-4318-be73-4e8ddc8fba27","C65047","C105585","https://ct.d4k.dk/cdisc/dataset/sc/2013-04-12/sdtm/C65047/C105585","GLUC","Glucose Measurement"
"1766","7bf6c1e4-5fbc-4893-ac3d-5771f2156924","C78734","C13283","https://ct.d4k.dk/cdisc/dataset/sc/2017-03-31/sdtm/C78734/C13283","URINE","Urine"
"1767","8cd3a923-7963-47f4-9276-1f0f017d1875","C78734","C13325","https://ct.d4k.dk/cdisc/dataset/sc/2011-12-09/sdtm/C78734/C13325","SERUM","Serum"
"1768","bc3ae8df-b012-4b5e-9fbd-a0a3b0cc5eec","C78734","C12434","https://ct.d4k.dk/cdisc/dataset/sc/2015-09-25/sdtm/C78734/C12434","BLOOD","Blood"
"1769","39eb7161-9440-467d-accd-759485a9bf60","C71620","C25613","https://ct.d4k.dk/cdisc/dataset/sc/2016-12-16/sdtm/C71620/C25613","%","Percentage"
"1770","6d343941-8b95-4136-9e9f-f5d12af3e22f","C71620","C111253","https://ct.d4k.dk/cdisc/dataset/sc/2019-09-27/sdtm/C71620/C111253","mmol/mol","Millimole per Mole"
"1771","dc3638da-8e64-4243-9a74-9e601c04d535","C65047","C105585","https://ct.d4k.dk/cdisc/dataset/sc/2013-04-12/sdtm/C65047/C105585","GLUC","Glucose Measurement"
"1772","9d47cc6e-0157-486f-8af7-104fcbbce534","C78734","C12434","https://ct.d4k.dk/cdisc/dataset/sc/2015-09-25/sdtm/C78734/C12434","BLOOD","Blood"
"1773","93819c36-2d21-4e63-8106-57b405ceb039","C71620","C25613","https://ct.d4k.dk/cdisc/dataset/sc/2016-12-16/sdtm/C71620/C25613","%","Percentage"
"1774","eeb9b085-80cb-4fd8-87db-f7c419b74b58","C71620","C111253","https://ct.d4k.dk/cdisc/dataset/sc/2019-09-27/sdtm/C71620/C111253","mmol/mol","Millimole per Mole"
"1775","4547bb3c-b11b-48d9-9d5e-41b47a588d37","C65047","C105585","https://ct.d4k.dk/cdisc/dataset/sc/2013-04-12/sdtm/C65047/C105585","GLUC","Glucose Measurement"
"1776","92eb053e-d168-4428-a781-dbe21c85ccab","C78734","C13325","https://ct.d4k.dk/cdisc/dataset/sc/2011-12-09/sdtm/C78734/C13325","SERUM","Serum"
"1777","ad8a2088-97ce-4a6c-bc20-008840264961","C71620","C25613","https://ct.d4k.dk/cdisc/dataset/sc/2016-12-16/sdtm/C71620/C25613","%","Percentage"
"1778","3bff1fe2-0534-4938-bb84-6f840a3a8d7b","C71620","C111253","https://ct.d4k.dk/cdisc/dataset/sc/2019-09-27/sdtm/C71620/C111253","mmol/mol","Millimole per Mole"
"1779","cbe5da94-dba4-43c5-95ae-3e639157cdfd","C65047","C105585","https://ct.d4k.dk/cdisc/dataset/sc/2013-04-12/sdtm/C65047/C105585","GLUC","Glucose Measurement"
"1780","b38ddb88-e88e-4092-b767-6ce308dbd118","C78734","C13283","https://ct.d4k.dk/cdisc/dataset/sc/2017-03-31/sdtm/C78734/C13283","URINE","Urine"
"1781","7000ef4e-1ccf-4d87-81dd-9f8682bb1e5d","C71620","C25613","https://ct.d4k.dk/cdisc/dataset/sc/2016-12-16/sdtm/C71620/C25613","%","Percentage"
"1782","e5891d78-a864-4d20-a668-88e28f287237","C71620","C111253","https://ct.d4k.dk/cdisc/dataset/sc/2019-09-27/sdtm/C71620/C111253","mmol/mol","Millimole per Mole"
"1783","711dce49-b9aa-412e-bf3f-74807931f465","C65047","C64796","https://ct.d4k.dk/cdisc/dataset/sc/2014-03-28/sdtm/C65047/C64796","HCT","Hematocrit Measurement"
"1784","4c8c9a5d-bf19-43e3-99e4-383df9c48eff","C78734","C112235","https://ct.d4k.dk/cdisc/dataset/sc/2013-12-20/sdtm/C78734/C112235","CAPILLARY BLOOD","Capillary Blood"
"1785","8b57b20d-9d4b-4111-8775-83f0fea21118","C71620","C25613","https://ct.d4k.dk/cdisc/dataset/sc/2016-12-16/sdtm/C71620/C25613","%","Percentage"
"1786","b5a8d3ec-f28d-4907-a859-debd48902c05","D000001","D100001","https://ct.d4k.dk/dataset/sc/2022-09-01/test-codes/D000001/D100001","RACE","Race"
"1787","8eb7f5f8-19a8-4dec-933c-407f6a7883e9","C74457","C16352","https://ct.d4k.dk/cdisc/dataset/sc/2016-09-30/sdtm/C74457/C16352","BLACK OR AFRICAN AMERICAN","Black or African American"
"1788","25ea4e7a-6fb2-4d40-bb15-4fa1512ee884","C74457","C41259","https://ct.d4k.dk/cdisc/dataset/sc/2010-04-08/sdtm/C74457/C41259","AMERICAN INDIAN OR ALASKA NATIVE","American Indian or Alaska Native"
"1789","f6bec3cf-2b15-4821-a5e7-60f7b3d1fe75","C74457","C41260","https://ct.d4k.dk/cdisc/dataset/sc/2010-04-08/sdtm/C74457/C41260","ASIAN","Asian"
"1790","f59567f6-36c7-4cfe-91c8-0848ecabea57","C74457","C41219","https://ct.d4k.dk/cdisc/dataset/sc/2010-04-08/sdtm/C74457/C41219","NATIVE HAWAIIAN OR OTHER PACIFIC ISLANDER","Native Hawaiian or Other Pacific Islander"
"1791","e5239661-3f8f-489f-ad66-633f72b44074","C74457","C41261","https://ct.d4k.dk/cdisc/dataset/sc/2010-04-08/sdtm/C74457/C41261","WHITE","White"
"1792","f6875fca-629d-484b-ab19-3adc5778a3e7","C74457","C17998","https://ct.d4k.dk/cdisc/dataset/sc/2018-12-21/sdtm/C74457/C17998","UNKNOWN","Unknown"
"1793","22effa2e-6f61-483f-8a87-bfa7359eb54c","C74457","C43234","https://ct.d4k.dk/cdisc/dataset/sc/2018-12-21/sdtm/C74457/C43234","NOT REPORTED","Not Reported"
"1794","722a4606-5fc4-4d66-bb63-23f5b2f4b62b","D000001","D100002","https://ct.d4k.dk/dataset/sc/2022-09-01/test-codes/D000001/D100002","SEX","Sex"
"1795","a8ff0768-33a3-4597-859a-6e185a12b422","C66731","C16576","https://ct.d4k.dk/cdisc/dataset/sc/2010-04-08/sdtm/C66731/C16576","F","Female"
"1796","9ff71f08-936b-42f7-8599-5252de6eb654","C66731","C20197","https://ct.d4k.dk/cdisc/dataset/sc/2010-04-08/sdtm/C66731/C20197","M","Male"
"1797","d06ce606-0b8f-4d64-9642-c53e4f054b2d","C66731","C45908","https://ct.d4k.dk/cdisc/dataset/sc/2014-06-27/sdtm/C66731/C45908","UNDIFFERENTIATED","Intersex"
"1798","fb2af777-b4c0-4051-ae64-498e394903f8","C66731","C17998","https://ct.d4k.dk/cdisc/dataset/sc/2018-06-29/sdtm/C66731/C17998","U","Unknown"
"1799","7158b134-cab4-4977-92dd-59f043df19af","D000001","D100000","https://ct.d4k.dk/dataset/sc/2022-09-01/test-codes/D000001/D100000","AGE","Age"
"1800","b0508efe-ee2c-4dfe-96d2-a5a092c2fd2e","C66781","C25301","https://ct.d4k.dk/cdisc/dataset/sc/2016-09-30/sdtm/C66781/C25301","DAYS","Day"
"1801","5296a7b8-bf61-4eb0-9794-1b1079ff1045","C66781","C25529","https://ct.d4k.dk/cdisc/dataset/sc/2016-09-30/sdtm/C66781/C25529","HOURS","Hour"
"1802","b318443a-bbff-41fa-8a4c-f25fa6e9652a","C66781","C29846","https://ct.d4k.dk/cdisc/dataset/sc/2013-10-04/sdtm/C66781/C29846","MONTHS","Month"
"1803","d9812bb0-2b28-4dba-86ee-fb9436ee4b93","C66781","C29844","https://ct.d4k.dk/cdisc/dataset/sc/2013-10-04/sdtm/C66781/C29844","WEEKS","Week"
"1804","2180d55d-95ca-43d0-9fac-f0db84267aef","C66781","C29848","https://ct.d4k.dk/cdisc/dataset/sc/2013-04-12/sdtm/C66781/C29848","YEARS","Year"
"1805","66b5f396-38b0-4368-afda-fb39ad9bd91d","D000001","D100003","https://ct.d4k.dk/dataset/sc/2022-09-01/test-codes/D000001/D100003","ETHNIC","Ethnicity"
"1806","c346d130-e224-43ed-b4f2-cd745c181bea","C66790","C17459","https://ct.d4k.dk/cdisc/dataset/sc/2010-04-08/sdtm/C66790/C17459","HISPANIC OR LATINO","Hispanic or Latino"
"1807","c6b36637-3cca-4b13-b63a-1c4e62f5c526","C66790","C41222","https://ct.d4k.dk/cdisc/dataset/sc/2010-04-08/sdtm/C66790/C41222","NOT HISPANIC OR LATINO","Not Hispanic or Latino"
"1808","a09f8743-7adf-4ffa-a1e0-f411a95b06f9","C66790","C43234","https://ct.d4k.dk/cdisc/dataset/sc/2017-12-22/sdtm/C66790/C43234","NOT REPORTED","Not Reported"
"1809","c5d98267-5d11-4c18-b075-65f0c6481eee","C66790","C17998","https://ct.d4k.dk/cdisc/dataset/sc/2018-06-29/sdtm/C66790/C17998","UNKNOWN","Unknown"
"1810","cc6b9cf2-0ab2-4ca7-8ace-874f8b047449","D000001","D100006","https://ct.d4k.dk/dataset/sc/2022-10-01/test-codes/D000001/D100006","DATE OF BIRTH","Date of Birth"
"1811","3b07b8fc-b26f-484e-8d62-c780ab1aa20e","D000001","D100009","https://ct.d4k.dk/dataset/sc/2022-10-01/test-codes/D000001/D100009","ENROLLMENT","Enrollment Date"
"1812","91237d12-00dc-407d-911e-2468270aaa49","C66741","C154891","https://ct.d4k.dk/cdisc/dataset/sc/2018-09-28/sdtm/C66741/C154891","NECKCIR","Neck Circumference"
"1813","a5cf7a57-ccfb-4414-b05b-fb060a9ac916","C66770","C49668","https://ct.d4k.dk/cdisc/dataset/sc/2013-04-12/sdtm/C66770/C49668","cm","Centimeter"
"1814","3b9bce81-55a3-4c0e-96c3-e522f51d1a19","C66770","C48500","https://ct.d4k.dk/cdisc/dataset/sc/2014-12-19/sdtm/C66770/C48500","in","Inch"
"1815","4e1b7e72-8272-45b6-9309-680c0badd797","C66770","C28251","https://ct.d4k.dk/cdisc/dataset/sc/2014-06-27/sdtm/C66770/C28251","mm","Millimeter"
"1816","ab0bcfc2-b495-48ef-a2a0-64a13d10db10","C66741","C25299","https://ct.d4k.dk/cdisc/dataset/sc/2016-09-30/sdtm/C66741/C25299","DIABP","Diastolic Blood Pressure"
"1817","94907f5f-0293-4eca-b2dc-736d9896b0ce","C71148","C62166","https://ct.d4k.dk/cdisc/dataset/sc/2019-12-20/sdtm/C71148/C62166","STANDING","Standing"
"1818","40621af9-bbcd-4e8c-8ada-13ca8aed8235","C71148","C62122","https://ct.d4k.dk/cdisc/dataset/sc/2010-04-08/sdtm/C71148/C62122","SITTING","Sitting"
"1819","4358e65a-d868-4761-aec2-518c66a90995","C71148","C62167","https://ct.d4k.dk/cdisc/dataset/sc/2010-04-08/sdtm/C71148/C62167","SUPINE","Supine Position"
"1820","0bc43160-c3c7-4dc7-a811-df401e110273","C74456","C32141","https://ct.d4k.dk/cdisc/dataset/sc/2018-12-21/sdtm/C74456/C32141","ARM","Arm"
"1821","8f1bf5e7-97b2-430f-9e2e-52964d00d73c","C99073","C25229","https://ct.d4k.dk/cdisc/dataset/sc/2011-12-09/sdtm/C99073/C25229","LEFT","Left"
"1822","5aef91c5-2e54-4b06-851b-e4089be9f681","C99073","C25228","https://ct.d4k.dk/cdisc/dataset/sc/2011-12-09/sdtm/C99073/C25228","RIGHT","Right"
"1823","ae270996-2b50-4085-a648-b5f2529eec76","C99073","C13332","https://ct.d4k.dk/cdisc/dataset/sc/2011-12-09/sdtm/C99073/C13332","BILATERAL","Bilateral"
"1824","5c986a9e-fd53-4fdc-bf50-81b9f74c2dc3","C66770","C49670","https://ct.d4k.dk/cdisc/dataset/sc/2014-03-28/sdtm/C66770/C49670","mmHg","Millimeter of Mercury"
"1825","4b0ef95c-80f1-48dc-bc59-1efec39bb431","C66770","C42547","https://ct.d4k.dk/cdisc/dataset/sc/2018-03-30/sdtm/C66770/C42547","Pa","Pascal"
"1826","72a29e91-4b52-43b0-ade9-e0894e245c93","C66741","C25298","https://ct.d4k.dk/cdisc/dataset/sc/2016-09-30/sdtm/C66741/C25298","SYSBP","Systolic Blood Pressure"
"1827","cb9eba7b-6614-45d0-9c05-1ade45f393e8","C71148","C62166","https://ct.d4k.dk/cdisc/dataset/sc/2019-12-20/sdtm/C71148/C62166","STANDING","Standing"
"1828","cef47caf-00e9-40bf-aebe-7e1ff3e93565","C71148","C62122","https://ct.d4k.dk/cdisc/dataset/sc/2010-04-08/sdtm/C71148/C62122","SITTING","Sitting"
"1829","a3c4e336-6117-4157-8597-2f2e3866996e","C71148","C62167","https://ct.d4k.dk/cdisc/dataset/sc/2010-04-08/sdtm/C71148/C62167","SUPINE","Supine Position"
"1830","04463ce4-53e5-44f5-932e-466612a5f86f","C74456","C32141","https://ct.d4k.dk/cdisc/dataset/sc/2018-12-21/sdtm/C74456/C32141","ARM","Arm"
"1831","87e8fcf7-6bae-4464-b3fe-9f46dc6d162c","C99073","C25229","https://ct.d4k.dk/cdisc/dataset/sc/2011-12-09/sdtm/C99073/C25229","LEFT","Left"
"1832","c3e2b1f2-24f5-4202-a911-b172eb712b28","C99073","C25228","https://ct.d4k.dk/cdisc/dataset/sc/2011-12-09/sdtm/C99073/C25228","RIGHT","Right"
"1833","d6b68700-9c15-4d49-8a75-f4979b291f1b","C99073","C13332","https://ct.d4k.dk/cdisc/dataset/sc/2011-12-09/sdtm/C99073/C13332","BILATERAL","Bilateral"
"1834","f9f78281-1107-4d6b-b76e-c2823025b19a","C66770","C49670","https://ct.d4k.dk/cdisc/dataset/sc/2014-03-28/sdtm/C66770/C49670","mmHg","Millimeter of Mercury"
"1835","424c0753-5d5f-4d84-8b1f-527558e133f2","C66770","C42547","https://ct.d4k.dk/cdisc/dataset/sc/2018-03-30/sdtm/C66770/C42547","Pa","Pascal"
"1836","1bf9b919-586f-4b1f-a4af-cdd7cd5831f6","C66741","C174371","https://ct.d4k.dk/cdisc/dataset/sc/2020-09-25/sdtm/C66741/C174371","TEMPPB","Peripheral Body Temperature"
"1837","65249394-202d-4eee-bf07-b97977423145","C71148","C62166","https://ct.d4k.dk/cdisc/dataset/sc/2019-12-20/sdtm/C71148/C62166","STANDING","Standing"
"1838","167ebe41-65ca-427e-ae68-42c38d17cfe8","C71148","C62122","https://ct.d4k.dk/cdisc/dataset/sc/2010-04-08/sdtm/C71148/C62122","SITTING","Sitting"
"1839","d4a5c941-41ab-4a2e-a9f7-f931b9318d3e","C71148","C62167","https://ct.d4k.dk/cdisc/dataset/sc/2010-04-08/sdtm/C71148/C62167","SUPINE","Supine Position"
"1840","c08b0c33-2203-4923-ab83-21bc9772bb06","C74456","C32141","https://ct.d4k.dk/cdisc/dataset/sc/2018-12-21/sdtm/C74456/C32141","ARM","Arm"
"1841","36c69c25-ed01-43e6-857a-42be53763404","C99073","C25229","https://ct.d4k.dk/cdisc/dataset/sc/2011-12-09/sdtm/C99073/C25229","LEFT","Left"
"1842","e3b179ba-3fb0-4a0c-937a-c22de9645601","C99073","C25228","https://ct.d4k.dk/cdisc/dataset/sc/2011-12-09/sdtm/C99073/C25228","RIGHT","Right"
"1843","de85eea5-886e-4293-a7db-32a9425a2c5a","C99073","C13332","https://ct.d4k.dk/cdisc/dataset/sc/2011-12-09/sdtm/C99073/C13332","BILATERAL","Bilateral"
"1844","9593805f-7c93-4838-851b-1396b1b50ddb","C71620","C42559","https://ct.d4k.dk/cdisc/dataset/sc/2013-10-04/sdtm/C71620/C42559","C","Degree Celsius"
"1845","b72306b0-333a-495b-b427-a10c8b647b60","C66770","C44277","https://ct.d4k.dk/cdisc/dataset/sc/2010-04-08/sdtm/C66770/C44277","F","Degree Fahrenheit"
"1846","0e622bc3-9ccd-4b45-bf68-572abb91ae5b","C66770","C42537","https://ct.d4k.dk/cdisc/dataset/sc/2018-09-28/sdtm/C66770/C42537","K","Kelvin"
"1847","6ece4dd3-0c9a-4faa-9aae-141cb2a30da5","C66741","C38082","https://ct.d4k.dk/cdisc/dataset/sc/2020-09-25/sdtm/C66741/C38082","FIO2","Fraction of Inspired Oxygen"
"1848","3f3394da-ba2c-429b-af3b-87f50f9e208f","C66770","C25613","https://ct.d4k.dk/cdisc/dataset/sc/2016-12-16/sdtm/C66770/C25613","%","Percentage"
"1849","0947a8b5-4c6c-4de5-8d0a-9cafbc623f3d","C66741","C25208","https://ct.d4k.dk/cdisc/dataset/sc/2010-04-08/sdtm/C66741/C25208","WEIGHT","Weight"
"1850","f5aa9275-9e9e-4294-83bf-283566230fc1","C66770","C28252","https://ct.d4k.dk/cdisc/dataset/sc/2016-09-30/sdtm/C66770/C28252","kg","Kilogram"
"1851","6954de74-13ed-4b4d-8b0a-fa94a1576d32","C66770","C48531","https://ct.d4k.dk/cdisc/dataset/sc/2010-04-08/sdtm/C66770/C48531","LB","Pound"
"1852","c1673a2e-cc69-4338-9f56-ccf7afad6e0b","C66741","C174375","https://ct.d4k.dk/cdisc/dataset/sc/2020-09-25/sdtm/C66741/C174375","FTMANDL","Fetal Mandibular Length"
"1853","13ba3944-b619-4aa9-a1e6-f1e8480ba7c0","C66770","C49668","https://ct.d4k.dk/cdisc/dataset/sc/2013-04-12/sdtm/C66770/C49668","cm","Centimeter"
"1854","692ea4ab-6f17-499c-bf2f-278b4d468744","C66770","C48500","https://ct.d4k.dk/cdisc/dataset/sc/2014-12-19/sdtm/C66770/C48500","in","Inch"
"1855","ef805f23-9b07-46d6-977b-aa59350d967b","C66770","C28251","https://ct.d4k.dk/cdisc/dataset/sc/2014-06-27/sdtm/C66770/C28251","mm","Millimeter"
"1856","28ec7ea8-a4c4-47e1-b2ab-a4f1032e42da","C66741","C25347","https://ct.d4k.dk/cdisc/dataset/sc/2010-04-08/sdtm/C66741/C25347","HEIGHT","Height"
"1857","3a976edf-a5a3-4653-bccb-1141663b5ee8","C66770","C49668","https://ct.d4k.dk/cdisc/dataset/sc/2013-04-12/sdtm/C66770/C49668","cm","Centimeter"
"1858","dc3e358c-eba3-4b08-be49-82a0b8a3433c","C66770","C48500","https://ct.d4k.dk/cdisc/dataset/sc/2014-12-19/sdtm/C66770/C48500","in","Inch"
"1859","3eb87fce-18a7-4498-afef-ba646ffd4617","C71620","C41139","https://ct.d4k.dk/cdisc/dataset/sc/2010-04-08/sdtm/C71620/C41139","m","Meter"
"1860","4e48e3ec-91b3-4588-bec0-a664b0cb9847","C71620","C71253","https://ct.d4k.dk/cdisc/dataset/sc/2010-04-08/sdtm/C71620/C71253","ft","International Foot"
"1861","a1dd69b6-e794-4790-bb47-27749401ac3d","C66741","C81298","https://ct.d4k.dk/cdisc/dataset/sc/2013-04-12/sdtm/C66741/C81298","BODLNGTH","Total Body Length"
"1862","ebccefe0-eb6a-40c2-9182-633c93b3c098","C66770","C49668","https://ct.d4k.dk/cdisc/dataset/sc/2013-04-12/sdtm/C66770/C49668","cm","Centimeter"
"1863","56db76a2-8197-4f6c-b87c-7fdd7c2f8336","C66770","C48500","https://ct.d4k.dk/cdisc/dataset/sc/2014-12-19/sdtm/C66770/C48500","in","Inch"
"1864","4ccca12f-43be-4642-9677-1b987c4b26b6","C66770","C28251","https://ct.d4k.dk/cdisc/dataset/sc/2014-06-27/sdtm/C66770/C28251","mm","Millimeter"
"1865","6c8960cf-bd35-4df0-88d3-cf3ce92f6adc","C66741","C49677","https://ct.d4k.dk/cdisc/dataset/sc/2010-04-08/sdtm/C66741/C49677","HR","Heart Rate"
"1866","a8e12f8b-2b02-420c-8cdb-b844163ebffe","C71148","C62166","https://ct.d4k.dk/cdisc/dataset/sc/2019-12-20/sdtm/C71148/C62166","STANDING","Standing"
"1867","ea22f229-6a38-49bc-a7ba-752f6e369592","C71148","C62122","https://ct.d4k.dk/cdisc/dataset/sc/2010-04-08/sdtm/C71148/C62122","SITTING","Sitting"
"1868","38416a70-5785-412b-9dcc-e78c7e4737b3","C71148","C62167","https://ct.d4k.dk/cdisc/dataset/sc/2010-04-08/sdtm/C71148/C62167","SUPINE","Supine Position"
"1869","6a43d943-fef2-41e2-a214-04e9aece2294","C74456","C32141","https://ct.d4k.dk/cdisc/dataset/sc/2018-12-21/sdtm/C74456/C32141","ARM","Arm"
"1870","1e8d3360-ff80-405f-b94e-892b7f82e388","C99073","C25229","https://ct.d4k.dk/cdisc/dataset/sc/2011-12-09/sdtm/C99073/C25229","LEFT","Left"
"1871","3daa5c4a-17ed-413a-a5a3-38d8ed5b957d","C99073","C25228","https://ct.d4k.dk/cdisc/dataset/sc/2011-12-09/sdtm/C99073/C25228","RIGHT","Right"
"1872","afe08c3f-17b2-4189-aab0-5855ea6f35be","C99073","C13332","https://ct.d4k.dk/cdisc/dataset/sc/2011-12-09/sdtm/C99073/C13332","BILATERAL","Bilateral"
"1873","27492472-95ac-4f46-acd9-8f8d4d09dc8f","C66770","C49670","https://ct.d4k.dk/cdisc/dataset/sc/2014-03-28/sdtm/C66770/C49670","mmHg","Millimeter of Mercury"
"1874","1fcd9bed-f116-42f7-afa6-acb6ff62ee8d","C66770","C42547","https://ct.d4k.dk/cdisc/dataset/sc/2018-03-30/sdtm/C66770/C42547","Pa","Pascal"
"1875","de3c8b63-53a8-42b9-917e-e0be63061820","C66741","C174311","https://ct.d4k.dk/cdisc/dataset/sc/2020-09-25/sdtm/C66741/C174311","SAO2FIO2","Oxygen Saturation/Fraction Inspired O2"
"1876","93909fbe-ccf2-4c2c-b005-77c42899d719","C66770","C44256","https://ct.d4k.dk/cdisc/dataset/sc/2018-03-30/sdtm/C66770/C44256","RATIO","Ratio"
"1877","43f114ae-dc21-4a93-9bfc-5197a827a160","C66770","C25613","https://ct.d4k.dk/cdisc/dataset/sc/2016-12-16/sdtm/C66770/C25613","%","Percentage"
"1878","62aab53c-85ea-4ec1-88a2-6a087437f981","C66741","C100946","https://ct.d4k.dk/cdisc/dataset/sc/2012-03-23/sdtm/C66741/C100946","FARMCIR","Forearm Circumference"
"1879","85b448bf-d217-4180-8a30-2e3417b8f4bc","C66770","C49668","https://ct.d4k.dk/cdisc/dataset/sc/2013-04-12/sdtm/C66770/C49668","cm","Centimeter"
"1880","67b9632b-ff0a-4a19-9168-564fb8ff6416","C66770","C48500","https://ct.d4k.dk/cdisc/dataset/sc/2014-12-19/sdtm/C66770/C48500","in","Inch"
"1881","f577b7e6-feaf-4abe-98cf-033ea4b86ea8","C66770","C28251","https://ct.d4k.dk/cdisc/dataset/sc/2014-06-27/sdtm/C66770/C28251","mm","Millimeter"
"1882","84838181-82ee-4ecd-ada8-2cff286f075e","C66741","C126083","https://ct.d4k.dk/cdisc/dataset/sc/2016-03-25/sdtm/C66741/C126083","BMR","Basal Metabolic Rate"
"1883","00300a9c-a23d-46de-9cff-1cf685a3dace","C66770","C139135","https://ct.d4k.dk/cdisc/dataset/sc/2017-09-29/sdtm/C66770/C139135","kcal/day","Kilocalorie per Day"
"1884","cc87d0cc-a885-45f4-88b0-204b63e115be","C66770","C42549","https://ct.d4k.dk/cdisc/dataset/sc/2017-09-29/sdtm/C66770/C42549","Watt","Watt"
"1885","63c577e7-5977-46ea-a109-decc694cabcb","C66741","C147492","https://ct.d4k.dk/cdisc/dataset/sc/2018-03-30/sdtm/C66741/C147492","MAXPREHR","Maximum Predicted Heart Rate"
"1886","148fb984-3927-46cd-84f7-5c19ac97bd3e","C71148","C77532","https://ct.d4k.dk/cdisc/dataset/sc/2013-10-04/sdtm/C71148/C77532","DECUBITUS","Recumbent Position"
"1887","671fcfc5-8e32-488a-a9ab-9832ef099b74","C71148","C62173","https://ct.d4k.dk/cdisc/dataset/sc/2010-04-08/sdtm/C71148/C62173","FOWLERS","Fowler's Position"
"1888","3baa6e78-d0e8-477d-b8a3-96d706e8da66","C71148","C100758","https://ct.d4k.dk/cdisc/dataset/sc/2012-03-23/sdtm/C71148/C100758","LATERAL DECUBITUS","Lateral Decubitus Position"
"1889","2fe02740-1648-4d5b-be2c-8b284e920835","C71148","C62172","https://ct.d4k.dk/cdisc/dataset/sc/2010-04-08/sdtm/C71148/C62172","LEFT LATERAL DECUBITUS","Left Lateral Decubitus Position"
"1890","14379001-45a1-44e9-9f51-69b4d273d3b2","C71148","C62165","https://ct.d4k.dk/cdisc/dataset/sc/2010-04-08/sdtm/C71148/C62165","PRONE","Prone Position"
"1891","df195595-4f79-445b-ae1f-d1b4c1f0130c","C71148","C62169","https://ct.d4k.dk/cdisc/dataset/sc/2010-04-08/sdtm/C71148/C62169","REVERSE TRENDELENBURG","Reverse Trendelenburg"
"1892","ef327c21-c99f-40bc-88dc-71496591001c","C71148","C62171","https://ct.d4k.dk/cdisc/dataset/sc/2010-04-08/sdtm/C71148/C62171","RIGHT LATERAL DECUBITUS","Right Lateral Decubitus Position"
"1893","4d356f37-2bbb-413a-b134-c06ab4f7d955","C71148","C62174","https://ct.d4k.dk/cdisc/dataset/sc/2010-04-08/sdtm/C71148/C62174","SEMI-FOWLERS","Semi-Fowler's Position"
"1894","9b00f862-a963-4195-8ca2-dea74ece62cb","C71148","C111310","https://ct.d4k.dk/cdisc/dataset/sc/2017-09-29/sdtm/C71148/C111310","SEMI-RECUMBENT","Semi-Recumbent"
"1895","064ab270-069d-40ed-887c-80d632f923bb","C71148","C62122","https://ct.d4k.dk/cdisc/dataset/sc/2010-04-08/sdtm/C71148/C62122","SITTING","Sitting"
"1896","bcadd8db-42fa-4dee-b664-dec1f38cee5c","C71148","C150885","https://ct.d4k.dk/cdisc/dataset/sc/2018-06-29/sdtm/C71148/C150885","SITTING, LEGS DEPENDENT","Sitting With Legs Dependent"
"1897","a548359e-4155-44d3-a946-50fe495cbf8c","C71148","C92604","https://ct.d4k.dk/cdisc/dataset/sc/2011-06-10/sdtm/C71148/C92604","SLING","Patient in Body Sling"
"1898","edea4df4-7a95-47ed-8df7-e8372ab7134a","C71148","C62166","https://ct.d4k.dk/cdisc/dataset/sc/2019-12-20/sdtm/C71148/C62166","STANDING","Standing"
"1899","9a356ba5-8878-4996-bf4b-662314960995","C71148","C62167","https://ct.d4k.dk/cdisc/dataset/sc/2010-04-08/sdtm/C71148/C62167","SUPINE","Supine Position"
"1900","e0a4162e-5e24-40af-bc84-98a6505cdda4","C71148","C62168","https://ct.d4k.dk/cdisc/dataset/sc/2010-04-08/sdtm/C71148/C62168","TRENDELENBURG","Trendelenburg"
"1901","ee574a1c-eefc-4b27-a762-db9c6869c844","C71148","C90480","https://ct.d4k.dk/cdisc/dataset/sc/2011-06-10/sdtm/C71148/C90480","UNCONSTRAINED","Unconstrained Body Movement"
"1902","ac2b2eb8-97fe-4465-86ab-d1ccdc1aa7b1","C66770","C49673","https://ct.d4k.dk/cdisc/dataset/sc/2021-12-17/sdtm/C66770/C49673","beats/min","Beats per Minute"
"1903","b30d78ab-3cdf-47e1-9bef-d70413817dcd","C66741","C49676","https://ct.d4k.dk/cdisc/dataset/sc/2010-04-08/sdtm/C66741/C49676","PULSE","Pulse Rate"
"1904","5fcef129-2e67-45d4-8b86-95fde10f1dda","C71148","C77532","https://ct.d4k.dk/cdisc/dataset/sc/2013-10-04/sdtm/C71148/C77532","DECUBITUS","Recumbent Position"
"1905","b0cc1e34-e9fb-4bad-bf49-6346db89e672","C71148","C62173","https://ct.d4k.dk/cdisc/dataset/sc/2010-04-08/sdtm/C71148/C62173","FOWLERS","Fowler's Position"
"1906","db0a238f-b440-4961-bf80-5caa7c232f6a","C71148","C100758","https://ct.d4k.dk/cdisc/dataset/sc/2012-03-23/sdtm/C71148/C100758","LATERAL DECUBITUS","Lateral Decubitus Position"
"1907","760ff423-b1d7-4037-9403-9ae4385280be","C71148","C62172","https://ct.d4k.dk/cdisc/dataset/sc/2010-04-08/sdtm/C71148/C62172","LEFT LATERAL DECUBITUS","Left Lateral Decubitus Position"
"1908","fbbab0ff-4976-468e-971b-ef3ff6d86134","C71148","C62165","https://ct.d4k.dk/cdisc/dataset/sc/2010-04-08/sdtm/C71148/C62165","PRONE","Prone Position"
"1909","de48ee73-c6f2-4457-9e36-764b33a32d3a","C71148","C62169","https://ct.d4k.dk/cdisc/dataset/sc/2010-04-08/sdtm/C71148/C62169","REVERSE TRENDELENBURG","Reverse Trendelenburg"
"1910","f97db6b3-256d-45b9-a6ad-b9946a173d8d","C71148","C62171","https://ct.d4k.dk/cdisc/dataset/sc/2010-04-08/sdtm/C71148/C62171","RIGHT LATERAL DECUBITUS","Right Lateral Decubitus Position"
"1911","a77132ed-020a-49de-bb2b-67fd76234e5b","C71148","C62174","https://ct.d4k.dk/cdisc/dataset/sc/2010-04-08/sdtm/C71148/C62174","SEMI-FOWLERS","Semi-Fowler's Position"
"1912","87ce3ae6-5c08-422a-a067-25a23d0332f6","C71148","C111310","https://ct.d4k.dk/cdisc/dataset/sc/2017-09-29/sdtm/C71148/C111310","SEMI-RECUMBENT","Semi-Recumbent"
"1913","efb76f82-86e0-4bab-941f-fd7f230d58ee","C71148","C62122","https://ct.d4k.dk/cdisc/dataset/sc/2010-04-08/sdtm/C71148/C62122","SITTING","Sitting"
"1914","9d166fdc-f2eb-4d46-b4d7-531ff88cfed7","C71148","C150885","https://ct.d4k.dk/cdisc/dataset/sc/2018-06-29/sdtm/C71148/C150885","SITTING, LEGS DEPENDENT","Sitting With Legs Dependent"
"1915","4c0e86c0-20ff-498b-ac3b-39a51817ea4a","C71148","C92604","https://ct.d4k.dk/cdisc/dataset/sc/2011-06-10/sdtm/C71148/C92604","SLING","Patient in Body Sling"
"1916","e55f2044-a44f-4ad6-9d0e-2a4b9ad173f3","C71148","C62166","https://ct.d4k.dk/cdisc/dataset/sc/2019-12-20/sdtm/C71148/C62166","STANDING","Standing"
"1917","617f46c9-793a-4607-a474-697975c0b14e","C71148","C62167","https://ct.d4k.dk/cdisc/dataset/sc/2010-04-08/sdtm/C71148/C62167","SUPINE","Supine Position"
"1918","ae345d37-8dd8-4bd8-ba8f-4a1232cbc5ca","C71148","C62168","https://ct.d4k.dk/cdisc/dataset/sc/2010-04-08/sdtm/C71148/C62168","TRENDELENBURG","Trendelenburg"
"1919","b665a2b5-da06-4e43-975f-21dc9346e699","C71148","C90480","https://ct.d4k.dk/cdisc/dataset/sc/2011-06-10/sdtm/C71148/C90480","UNCONSTRAINED","Unconstrained Body Movement"
"1920","1b53baab-332e-4f13-92a9-36467968ad7a","C66770","C49673","https://ct.d4k.dk/cdisc/dataset/sc/2021-12-17/sdtm/C66770/C49673","beats/min","Beats per Minute"
"1921","dba6cde4-2ac5-43a7-b09e-4cd81c2618e2","C66741","C103346","https://ct.d4k.dk/cdisc/dataset/sc/2012-12-21/sdtm/C66741/C103346","ABSKNF","Abdominal Skinfold Thickness"
"1922","3a567b95-403d-4877-9c06-8970fcb4c0e3","C66770","C28251","https://ct.d4k.dk/cdisc/dataset/sc/2014-06-27/sdtm/C66770/C28251","mm","Millimeter"
"1923","f98b7514-c412-45aa-b04a-7c17a1bbc9da","C66741","C25157","https://ct.d4k.dk/cdisc/dataset/sc/2010-04-08/sdtm/C66741/C25157","BSA","Body Surface Area"
"1924","4cd87532-05ed-4dcd-99cc-eee9c93cfbca","C66770","C42569","https://ct.d4k.dk/cdisc/dataset/sc/2016-09-30/sdtm/C66770/C42569","m2","Square Meter"
"1925","7c8e64c2-c017-4c00-890d-e64b32921b1d","C66741","C49678","https://ct.d4k.dk/cdisc/dataset/sc/2010-04-08/sdtm/C66741/C49678","RESP","Respiratory Rate"
"1926","d777be04-d973-4f7f-87df-4668ddb5d119","C66770","C49674","https://ct.d4k.dk/cdisc/dataset/sc/2015-06-26/sdtm/C66770/C49674","breaths/min","Breaths per Minute"
"1927","27c04da0-7f00-4a0a-a4d1-d6cd1ab52cb8","C66741","C104622","https://ct.d4k.dk/cdisc/dataset/sc/2013-06-28/sdtm/C66741/C104622","TBW","Total Body Water Measurement"
"1928","ec4d0823-a8e6-49fb-8fbc-344345eacf97","C66770","C25613","https://ct.d4k.dk/cdisc/dataset/sc/2016-12-16/sdtm/C66770/C25613","%","Percentage"
"1929","3376e96c-43a3-475b-84d4-32ded8776c1e","C66741","C92716","https://ct.d4k.dk/cdisc/dataset/sc/2020-09-25/sdtm/C66741/C92716","FTHR","Fetal Heart Rate"
"1930","d7934a1d-bb51-4955-a9e8-acfa22705616","C66770","C49673","https://ct.d4k.dk/cdisc/dataset/sc/2021-12-17/sdtm/C66770/C49673","beats/min","Beats per Minute"
"1931","8daeff1c-4b68-4f20-bd5b-8597704457f9","C66741","C117976","https://ct.d4k.dk/cdisc/dataset/sc/2014-09-26/sdtm/C66741/C117976","IDEALWT","Ideal Body Weight"
"1932","0afbc89c-7997-4311-aeeb-a68d5d14c091","C66770","C28252","https://ct.d4k.dk/cdisc/dataset/sc/2016-09-30/sdtm/C66770/C28252","kg","Kilogram"
"1933","ef9782fd-7955-4103-a38f-5b249917468d","C66770","C48155","https://ct.d4k.dk/cdisc/dataset/sc/2018-03-30/sdtm/C66770/C48155","g","Gram"
"1934","3a0bbf7d-2406-4b91-880f-4478d8b14202","C66770","C48531","https://ct.d4k.dk/cdisc/dataset/sc/2010-04-08/sdtm/C66770/C48531","LB","Pound"
"1935","d42d42be-d32b-44d8-b9fd-b315685266d6","C66741","C16358","https://ct.d4k.dk/cdisc/dataset/sc/2010-04-08/sdtm/C66741/C16358","BMI","Body Mass Index"
"1936","38e941d6-0052-458a-b6b2-f45355ef0c1f","C66770","C49671","https://ct.d4k.dk/cdisc/dataset/sc/2014-03-28/sdtm/C66770/C49671","kg/m2","Kilogram per Square Meter"
"1937","8f636aaf-d48f-4e0d-b7c0-653108e21589","C66741","C174372","https://ct.d4k.dk/cdisc/dataset/sc/2020-09-25/sdtm/C66741/C174372","FTEWT","Fetal Estimated Weight"
"1938","bffcfba2-644a-4392-83f6-fa46b186c7cf","C66770","C28252","https://ct.d4k.dk/cdisc/dataset/sc/2016-09-30/sdtm/C66770/C28252","kg","Kilogram"
"1939","1947fba3-8d7e-4b89-882d-23839c0bcb52","C66770","C48155","https://ct.d4k.dk/cdisc/dataset/sc/2018-03-30/sdtm/C66770/C48155","g","Gram"
"1940","61d2749e-7db7-49e1-a707-0bfa3d5113da","C66770","C48531","https://ct.d4k.dk/cdisc/dataset/sc/2010-04-08/sdtm/C66770/C48531","LB","Pound"
"1941","b0a61dad-c80e-4288-a703-102d622bf45c","C71620","C48519","https://ct.d4k.dk/cdisc/dataset/sc/2010-04-08/sdtm/C71620/C48519","oz","Ounce"
"1942","5036d8d4-69a4-41bc-8a36-85ca07129bfa","C66741","C71258","https://ct.d4k.dk/cdisc/dataset/sc/2012-03-23/sdtm/C66741/C71258","LBM","Lean Body Mass"
"1943","49dc6f99-f893-4bc6-ba90-61bbea65459f","C66770","C28252","https://ct.d4k.dk/cdisc/dataset/sc/2016-09-30/sdtm/C66770/C28252","kg","Kilogram"
"1944","6ce9fec5-538c-48f6-979b-efe101cb7f8b","C66770","C48155","https://ct.d4k.dk/cdisc/dataset/sc/2018-03-30/sdtm/C66770/C48155","g","Gram"
"1945","2760a593-fb25-42b8-a275-0e97a50422c5","C66770","C48531","https://ct.d4k.dk/cdisc/dataset/sc/2010-04-08/sdtm/C66770/C48531","LB","Pound"
"1946","0b0f305d-f0be-40a9-a7f2-ca1223ed7e3d","C66741","C98793","https://ct.d4k.dk/cdisc/dataset/sc/2011-12-09/sdtm/C66741/C98793","TRSKNF","Triceps Skinfold Thickness"
"1947","50b6942b-cc10-460d-a5e5-4db2de4ee176","C66770","C49668","https://ct.d4k.dk/cdisc/dataset/sc/2013-04-12/sdtm/C66770/C49668","cm","Centimeter"
"1948","2ffdd4c4-e251-460c-b4b2-6dddd9d71835","C66770","C48500","https://ct.d4k.dk/cdisc/dataset/sc/2014-12-19/sdtm/C66770/C48500","in","Inch"
"1949","9ffb2085-9aca-4666-b4a1-2eab50b0d0d3","C66770","C28251","https://ct.d4k.dk/cdisc/dataset/sc/2014-06-27/sdtm/C66770/C28251","mm","Millimeter"
"1950","fc21aa10-da7b-4c70-b03b-be3329c59786","C66741","C174233","https://ct.d4k.dk/cdisc/dataset/sc/2020-09-25/sdtm/C66741/C174233","MANDL","Mandibular Length"
"1951","bf6da208-1925-4133-828a-6ba57a2ff473","C66770","C49668","https://ct.d4k.dk/cdisc/dataset/sc/2013-04-12/sdtm/C66770/C49668","cm","Centimeter"
"1952","6ed5e4e7-4603-45c4-b966-f918a0c44c35","C66770","C48500","https://ct.d4k.dk/cdisc/dataset/sc/2014-12-19/sdtm/C66770/C48500","in","Inch"
"1953","583c919b-5ec0-4f60-9d08-e47ccd6c64a1","C66770","C28251","https://ct.d4k.dk/cdisc/dataset/sc/2014-06-27/sdtm/C66770/C28251","mm","Millimeter"
"1954","1d04cf41-38a9-48d7-a286-1be2a619d4ea","C66741","C147491","https://ct.d4k.dk/cdisc/dataset/sc/2018-03-30/sdtm/C66741/C147491","ENRGEXP","Energy Expenditure"
"1955","b5b50ed8-d8ae-4353-8f00-fb12d73f2b4b","C66770","C127805","https://ct.d4k.dk/cdisc/dataset/sc/2018-03-30/sdtm/C66770/C127805","MET","Metabolic Equivalent of Task Unit"
"1956","eb9ff156-40dc-48cd-bce6-012082c3fe32","C66741","C87054","https://ct.d4k.dk/cdisc/dataset/sc/2010-04-08/sdtm/C66741/C87054","SAD","Sagittal Abdominal Diameter"
"1957","8b10ef6f-44a2-477d-9303-5796bc14eb53","C66770","C49668","https://ct.d4k.dk/cdisc/dataset/sc/2013-04-12/sdtm/C66770/C49668","cm","Centimeter"
"1958","f07914e1-ff23-47c9-bf3b-78ebc63cf03c","C66770","C48500","https://ct.d4k.dk/cdisc/dataset/sc/2014-12-19/sdtm/C66770/C48500","in","Inch"
"1959","9cab81df-6b4f-448a-8078-804914c8b31e","C66770","C28251","https://ct.d4k.dk/cdisc/dataset/sc/2014-06-27/sdtm/C66770/C28251","mm","Millimeter"
"1960","0f039739-493a-4923-ab67-9b04caecea9d","C66741","C81255","https://ct.d4k.dk/cdisc/dataset/sc/2013-06-28/sdtm/C66741/C81255","HDCIRC","Head Circumference"
"1961","ba7abfbb-08ab-4c03-8e7f-8e6e23715326","C66770","C49668","https://ct.d4k.dk/cdisc/dataset/sc/2013-04-12/sdtm/C66770/C49668","cm","Centimeter"
"1962","a2a9cac8-ee17-4333-98a8-ccccf8629d0c","C66770","C48500","https://ct.d4k.dk/cdisc/dataset/sc/2014-12-19/sdtm/C66770/C48500","in","Inch"
"1963","33286e05-3850-4db8-83bc-4416773247d0","C66770","C28251","https://ct.d4k.dk/cdisc/dataset/sc/2014-06-27/sdtm/C66770/C28251","mm","Millimeter"
"1964","3310264b-e512-4223-9e37-5581c46a750d","C66741","C124475","https://ct.d4k.dk/cdisc/dataset/sc/2015-12-18/sdtm/C66741/C124475","MUARMCIR","Mid-Upper Arm Circumference"
"1965","905c680f-dcf9-4eaa-85dd-cca3027609bf","C66770","C49668","https://ct.d4k.dk/cdisc/dataset/sc/2013-04-12/sdtm/C66770/C49668","cm","Centimeter"
"1966","9f9f592a-719a-4967-9ea0-ce7d676baa9b","C66770","C48500","https://ct.d4k.dk/cdisc/dataset/sc/2014-12-19/sdtm/C66770/C48500","in","Inch"
"1967","6fcc7fc2-c983-4be4-9d70-9fbc07ce7476","C66770","C28251","https://ct.d4k.dk/cdisc/dataset/sc/2014-06-27/sdtm/C66770/C28251","mm","Millimeter"
"1968","ef5f7028-6583-4f1a-8470-c37f2b8a268d","C66741","C174373","https://ct.d4k.dk/cdisc/dataset/sc/2020-09-25/sdtm/C66741/C174373","FTSAD","Fetal Sagittal Abdominal Diameter"
"1969","d2d9965a-626d-44da-a653-5aa0a40eb367","C66770","C49668","https://ct.d4k.dk/cdisc/dataset/sc/2013-04-12/sdtm/C66770/C49668","cm","Centimeter"
"1970","a2b4d7fc-78ee-4cb9-8694-d7d233e734b3","C66770","C48500","https://ct.d4k.dk/cdisc/dataset/sc/2014-12-19/sdtm/C66770/C48500","in","Inch"
"1971","ef8817b0-8b91-4b16-859f-8416505b2681","C66770","C28251","https://ct.d4k.dk/cdisc/dataset/sc/2014-06-27/sdtm/C66770/C28251","mm","Millimeter"
"1972","368d1be0-c138-44ca-9bb0-e417847ce6b1","C66741","C174376","https://ct.d4k.dk/cdisc/dataset/sc/2020-09-25/sdtm/C66741/C174376","ULNARL","Ulnar Length"
"1973","063bb9a2-25b5-4b55-a307-6a4ee552ff5c","C66770","C49668","https://ct.d4k.dk/cdisc/dataset/sc/2013-04-12/sdtm/C66770/C49668","cm","Centimeter"
"1974","42f8fc93-2ad0-4804-8e21-fc45a609be4f","C66770","C48500","https://ct.d4k.dk/cdisc/dataset/sc/2014-12-19/sdtm/C66770/C48500","in","Inch"
"1975","5efe3073-b506-43f5-866f-22356151127a","C66770","C28251","https://ct.d4k.dk/cdisc/dataset/sc/2014-06-27/sdtm/C66770/C28251","mm","Millimeter"
"1976","d3580a57-d2e8-42e0-875c-8fbdb07a5883","C66741","C174446","https://ct.d4k.dk/cdisc/dataset/sc/2020-09-25/sdtm/C66741/C174446","TEMP","Body Temperature"
"1977","3093afce-be7d-49bc-834b-379059752907","C71148","C62166","https://ct.d4k.dk/cdisc/dataset/sc/2019-12-20/sdtm/C71148/C62166","STANDING","Standing"
"1978","7f8434bb-4a50-4987-b0f4-20af55ed7ba2","C71148","C62122","https://ct.d4k.dk/cdisc/dataset/sc/2010-04-08/sdtm/C71148/C62122","SITTING","Sitting"
"1979","3ccbba52-3bdf-4024-8332-5845b9c6b205","C71148","C62167","https://ct.d4k.dk/cdisc/dataset/sc/2010-04-08/sdtm/C71148/C62167","SUPINE","Supine Position"
"1980","837490bc-ff6b-4450-a588-dce16e62df58","C74456","C32141","https://ct.d4k.dk/cdisc/dataset/sc/2018-12-21/sdtm/C74456/C32141","ARM","Arm"
"1981","9fc103e0-6056-428f-a9b1-d67a894e2302","C99073","C25229","https://ct.d4k.dk/cdisc/dataset/sc/2011-12-09/sdtm/C99073/C25229","LEFT","Left"
"1982","1a0b573b-db35-457b-8321-730d4a42815c","C99073","C25228","https://ct.d4k.dk/cdisc/dataset/sc/2011-12-09/sdtm/C99073/C25228","RIGHT","Right"
"1983","1b90e6cd-3f3a-412f-a474-58d2bf4d48fe","C99073","C13332","https://ct.d4k.dk/cdisc/dataset/sc/2011-12-09/sdtm/C99073/C13332","BILATERAL","Bilateral"
"1984","df31d634-14fe-4521-92fc-13ce8601b387","C71620","C42559","https://ct.d4k.dk/cdisc/dataset/sc/2013-10-04/sdtm/C71620/C42559","C","Degree Celsius"
"1985","b32cf361-a2df-4cf7-868c-f929b6f63627","C66770","C44277","https://ct.d4k.dk/cdisc/dataset/sc/2010-04-08/sdtm/C66770/C44277","F","Degree Fahrenheit"
"1986","79abf59a-0003-4dfa-8ff9-029a85c6ec63","C66770","C42537","https://ct.d4k.dk/cdisc/dataset/sc/2018-09-28/sdtm/C66770/C42537","K","Kelvin"
"1987","7e760cee-da41-487b-b5ed-9b6ad147a2df","C66741","C100945","https://ct.d4k.dk/cdisc/dataset/sc/2012-03-23/sdtm/C66741/C100945","PULSEPR","Pulse Pressure"
"1988","71c6c3bb-efd3-4c13-b1ea-93d20999144f","C71148","C77532","https://ct.d4k.dk/cdisc/dataset/sc/2013-10-04/sdtm/C71148/C77532","DECUBITUS","Recumbent Position"
"1989","dcf68d2b-fb29-4398-b826-88119923ef85","C71148","C62173","https://ct.d4k.dk/cdisc/dataset/sc/2010-04-08/sdtm/C71148/C62173","FOWLERS","Fowler's Position"
"1990","22ec35af-403b-4e5f-9dc7-2407665d22b3","C71148","C100758","https://ct.d4k.dk/cdisc/dataset/sc/2012-03-23/sdtm/C71148/C100758","LATERAL DECUBITUS","Lateral Decubitus Position"
"1991","1c785564-c4ed-4ef2-88e2-2316d89093ce","C71148","C62172","https://ct.d4k.dk/cdisc/dataset/sc/2010-04-08/sdtm/C71148/C62172","LEFT LATERAL DECUBITUS","Left Lateral Decubitus Position"
"1992","3c559058-a4fc-4e9f-8abc-87fa0bb5025e","C71148","C62165","https://ct.d4k.dk/cdisc/dataset/sc/2010-04-08/sdtm/C71148/C62165","PRONE","Prone Position"
"1993","a592b41e-1c98-4d17-b734-218b5c28bddd","C71148","C62169","https://ct.d4k.dk/cdisc/dataset/sc/2010-04-08/sdtm/C71148/C62169","REVERSE TRENDELENBURG","Reverse Trendelenburg"
"1994","73421f56-ebdb-42c6-a385-b53b27eae250","C71148","C62171","https://ct.d4k.dk/cdisc/dataset/sc/2010-04-08/sdtm/C71148/C62171","RIGHT LATERAL DECUBITUS","Right Lateral Decubitus Position"
"1995","784cb122-363a-4a43-a31f-2f54aa6f8300","C71148","C62174","https://ct.d4k.dk/cdisc/dataset/sc/2010-04-08/sdtm/C71148/C62174","SEMI-FOWLERS","Semi-Fowler's Position"
"1996","757b9bcb-6e20-496e-8fc0-ee2bf09d9b11","C71148","C111310","https://ct.d4k.dk/cdisc/dataset/sc/2017-09-29/sdtm/C71148/C111310","SEMI-RECUMBENT","Semi-Recumbent"
"1997","f16852cb-6467-4d6d-9be8-10f4bf90c0b6","C71148","C62122","https://ct.d4k.dk/cdisc/dataset/sc/2010-04-08/sdtm/C71148/C62122","SITTING","Sitting"
"1998","19aa7ff6-536a-444d-bca0-2921717d00d9","C71148","C150885","https://ct.d4k.dk/cdisc/dataset/sc/2018-06-29/sdtm/C71148/C150885","SITTING, LEGS DEPENDENT","Sitting With Legs Dependent"
"1999","b47da133-4d52-423d-a049-efe8b7d46da8","C71148","C92604","https://ct.d4k.dk/cdisc/dataset/sc/2011-06-10/sdtm/C71148/C92604","SLING","Patient in Body Sling"
"2000","b0009b7c-338b-479a-baae-86dd388a1de4","C71148","C62166","https://ct.d4k.dk/cdisc/dataset/sc/2019-12-20/sdtm/C71148/C62166","STANDING","Standing"
"2001","36dadad0-6eed-4a65-bb06-5a16d4ba08d3","C71148","C62167","https://ct.d4k.dk/cdisc/dataset/sc/2010-04-08/sdtm/C71148/C62167","SUPINE","Supine Position"
"2002","55641f16-8ddf-4201-bee5-ba3a72ddba0c","C71148","C62168","https://ct.d4k.dk/cdisc/dataset/sc/2010-04-08/sdtm/C71148/C62168","TRENDELENBURG","Trendelenburg"
"2003","c7f084ca-c7ec-4478-b60d-dd714fa4ad8c","C71148","C90480","https://ct.d4k.dk/cdisc/dataset/sc/2011-06-10/sdtm/C71148/C90480","UNCONSTRAINED","Unconstrained Body Movement"
"2004","9a5ed4eb-4c6d-46f9-93cc-7e9a2b1b16e9","C66770","C49670","https://ct.d4k.dk/cdisc/dataset/sc/2014-03-28/sdtm/C66770/C49670","mmHg","Millimeter of Mercury"
"2005","2da09d2d-8958-4e50-aea5-ef080aa3480a","C66741","C158297","https://ct.d4k.dk/cdisc/dataset/sc/2019-03-29/sdtm/C66741/C158297","FTHDCIRC","Fetal Head Circumference"
"2006","c91a5f94-9f5b-46bd-978a-12eb860df5ab","C66770","C49668","https://ct.d4k.dk/cdisc/dataset/sc/2013-04-12/sdtm/C66770/C49668","cm","Centimeter"
"2007","531e275e-7748-4eab-b3b2-a2380dff7d78","C66770","C48500","https://ct.d4k.dk/cdisc/dataset/sc/2014-12-19/sdtm/C66770/C48500","in","Inch"
"2008","f2cc80ee-0dd3-4fa9-8980-beb4c301ba24","C66770","C28251","https://ct.d4k.dk/cdisc/dataset/sc/2014-06-27/sdtm/C66770/C28251","mm","Millimeter"
"2009","86d7a7ab-f5ac-4c99-bb4f-3f2816899754","C66741","C122232","https://ct.d4k.dk/cdisc/dataset/sc/2015-06-26/sdtm/C66741/C122232","BODYFATM","Body Fat Measurement"
"2010","3dcc468c-bdee-4e4a-9f96-d451e7561ae8","C66770","C25613","https://ct.d4k.dk/cdisc/dataset/sc/2016-12-16/sdtm/C66770/C25613","%","Percentage"
"2011","1fea008e-21c1-4fe2-996d-720a458668e0","C66741","C49679","https://ct.d4k.dk/cdisc/dataset/sc/2020-06-26/sdtm/C66741/C49679","MAP","Mean Arterial Pressure"
"2012","e33e053c-f809-4565-a28f-0a7ca4a38134","C66770","C49670","https://ct.d4k.dk/cdisc/dataset/sc/2014-03-28/sdtm/C66770/C49670","mmHg","Millimeter of Mercury"
"2013","0fd25caf-2e3d-4307-9c99-e4b9fb107621","C66741","C60832","https://ct.d4k.dk/cdisc/dataset/sc/2012-12-21/sdtm/C66741/C60832","OXYSAT","Oxygen Saturation Measurement"
"2014","756dae87-5820-45f6-94b1-f990108c7866","C66770","C25613","https://ct.d4k.dk/cdisc/dataset/sc/2016-12-16/sdtm/C66770/C25613","%","Percentage"
"2015","82ff435e-03cb-439c-baba-020da99d1fcd","C66741","C84372","https://ct.d4k.dk/cdisc/dataset/sc/2015-06-26/sdtm/C66741/C84372","KNEEHEEL","Knee to Heel Length Measurement"
"2016","46ad4b65-8640-465e-8996-44625f2d385c","C66770","C49668","https://ct.d4k.dk/cdisc/dataset/sc/2013-04-12/sdtm/C66770/C49668","cm","Centimeter"
"2017","6ea998e4-5f2c-4cb7-a0af-de1a9c170509","C66770","C48500","https://ct.d4k.dk/cdisc/dataset/sc/2014-12-19/sdtm/C66770/C48500","in","Inch"
"2018","6b0e1189-eb4d-4560-8140-c2032b668993","C66770","C28251","https://ct.d4k.dk/cdisc/dataset/sc/2014-06-27/sdtm/C66770/C28251","mm","Millimeter"
"2019","39907bba-1e37-431d-8554-8a3d67ae155c","C66741","C132482","https://ct.d4k.dk/cdisc/dataset/sc/2020-09-25/sdtm/C66741/C132482","EWEIGHT","Estimated Body Weight"
"2020","3edfb5fa-a78c-4dca-8eb3-1db68f59e8c3","C66770","C28252","https://ct.d4k.dk/cdisc/dataset/sc/2016-09-30/sdtm/C66770/C28252","kg","Kilogram"
"2021","ec77bff5-9ece-4f05-a985-81e8da18fee6","C66770","C48155","https://ct.d4k.dk/cdisc/dataset/sc/2018-03-30/sdtm/C66770/C48155","g","Gram"
"2022","af72b356-2371-4800-80cd-800273dbe788","C66770","C48531","https://ct.d4k.dk/cdisc/dataset/sc/2010-04-08/sdtm/C66770/C48531","LB","Pound"
"2023","0500e516-d94e-42e9-82f6-2fedf6f8ec29","C66741","C100947","https://ct.d4k.dk/cdisc/dataset/sc/2012-03-23/sdtm/C66741/C100947","HIPCIR","Hip Circumference"
"2024","1017eb77-4305-4a09-a22a-60c81f0aa465","C66770","C49668","https://ct.d4k.dk/cdisc/dataset/sc/2013-04-12/sdtm/C66770/C49668","cm","Centimeter"
"2025","65779270-afb2-4a08-bb57-c8f3258e5e76","C66770","C48500","https://ct.d4k.dk/cdisc/dataset/sc/2014-12-19/sdtm/C66770/C48500","in","Inch"
"2026","98711681-ca41-459b-ba72-6e5bd8439c68","C66770","C28251","https://ct.d4k.dk/cdisc/dataset/sc/2014-06-27/sdtm/C66770/C28251","mm","Millimeter"
"2027","a9dbb47f-36d3-49a4-8b09-66262f07a7ee","C66741","C174370","https://ct.d4k.dk/cdisc/dataset/sc/2020-09-25/sdtm/C66741/C174370","TEMPCB","Core Body Temperature"
"2028","018a41c6-874a-4b81-aa6c-b053d5366511","C71148","C62166","https://ct.d4k.dk/cdisc/dataset/sc/2019-12-20/sdtm/C71148/C62166","STANDING","Standing"
"2029","7b8cb11a-dd4c-4579-9bfc-9f10fa4e25c3","C71148","C62122","https://ct.d4k.dk/cdisc/dataset/sc/2010-04-08/sdtm/C71148/C62122","SITTING","Sitting"
"2030","7e6fadbc-bdef-4c13-aa8f-37a69e4c8905","C71148","C62167","https://ct.d4k.dk/cdisc/dataset/sc/2010-04-08/sdtm/C71148/C62167","SUPINE","Supine Position"
"2031","25e46536-1699-4602-8094-20328471fad1","C74456","C32141","https://ct.d4k.dk/cdisc/dataset/sc/2018-12-21/sdtm/C74456/C32141","ARM","Arm"
"2032","e8f9095a-5213-4ba5-b38d-b323044895c9","C99073","C25229","https://ct.d4k.dk/cdisc/dataset/sc/2011-12-09/sdtm/C99073/C25229","LEFT","Left"
"2033","291e5583-b7d9-4e48-b59b-17e39ff6468d","C99073","C25228","https://ct.d4k.dk/cdisc/dataset/sc/2011-12-09/sdtm/C99073/C25228","RIGHT","Right"
"2034","a6036ea5-9d49-4c75-bbb4-2fc3e31ca75a","C99073","C13332","https://ct.d4k.dk/cdisc/dataset/sc/2011-12-09/sdtm/C99073/C13332","BILATERAL","Bilateral"
"2035","47cf4cdc-3521-4b5b-a6fc-e15fb341fe06","C71620","C42559","https://ct.d4k.dk/cdisc/dataset/sc/2013-10-04/sdtm/C71620/C42559","C","Degree Celsius"
"2036","87bdd050-bb67-4750-bbdf-9e73af24ea7b","C66770","C44277","https://ct.d4k.dk/cdisc/dataset/sc/2010-04-08/sdtm/C66770/C44277","F","Degree Fahrenheit"
"2037","3435d9c4-6074-42c9-9ee9-a3f4ac599c33","C66770","C42537","https://ct.d4k.dk/cdisc/dataset/sc/2018-09-28/sdtm/C66770/C42537","K","Kelvin"
"2038","3e982714-cf36-4993-a98d-7311792b6218","C66741","C100948","https://ct.d4k.dk/cdisc/dataset/sc/2012-03-23/sdtm/C66741/C100948","WSTCIR","Waist Circumference"
"2039","e64b1f45-b5d9-4858-8cf6-ee37d7c5bb12","C66770","C49668","https://ct.d4k.dk/cdisc/dataset/sc/2013-04-12/sdtm/C66770/C49668","cm","Centimeter"
"2040","00959db8-132d-4fbc-93f4-c51d4cda57f9","C66770","C48500","https://ct.d4k.dk/cdisc/dataset/sc/2014-12-19/sdtm/C66770/C48500","in","Inch"
"2041","5ff91cb7-50f2-4e7b-ae82-0f50ef4a171e","C66770","C28251","https://ct.d4k.dk/cdisc/dataset/sc/2014-06-27/sdtm/C66770/C28251","mm","Millimeter"
"2042","e1043b8e-704b-4fe7-8dec-27668c933117","C66741","C17651","https://ct.d4k.dk/cdisc/dataset/sc/2017-06-30/sdtm/C66741/C17651","WAISTHIP","Waist-Hip Ratio"
"2043","c2512e6b-4c35-4b92-84b6-6acf26f4b165","C66770","C44256","https://ct.d4k.dk/cdisc/dataset/sc/2018-03-30/sdtm/C66770/C44256","RATIO","Ratio"
"2044","4db4821b-1dc2-4862-aa82-a6ac035d4f56","C66741","C49680","https://ct.d4k.dk/cdisc/dataset/sc/2010-04-08/sdtm/C66741/C49680","FRMSIZE","Body Frame Size"
"2045","fe803d87-8d4a-474d-aa70-66dd3dba407e","C66733","C25376","https://ct.d4k.dk/cdisc/dataset/sc/2010-04-08/sdtm/C66733/C25376","SMALL","Small"
"2046","401b86ad-70ce-44e0-a9d3-c4766aa6fa8e","C66733","C49507","https://ct.d4k.dk/cdisc/dataset/sc/2010-04-08/sdtm/C66733/C49507","MEDIUM","Medium"
"2047","17011d71-67f7-4251-84c5-9acd8be04091","C66733","C49508","https://ct.d4k.dk/cdisc/dataset/sc/2010-04-08/sdtm/C66733/C49508","LARGE","Large"
"2048","e8780a85-f545-4cfa-a64f-6374bf48138c","C66741","C156606","https://ct.d4k.dk/cdisc/dataset/sc/2018-12-21/sdtm/C66741/C156606","CHESTCIR","Chest Circumference"
"2049","37e82e14-611b-4c45-88e4-d6060738cfad","C66770","C49668","https://ct.d4k.dk/cdisc/dataset/sc/2013-04-12/sdtm/C66770/C49668","cm","Centimeter"
"2050","331a9cb7-6e95-4227-a908-a8b69698ae9d","C66770","C48500","https://ct.d4k.dk/cdisc/dataset/sc/2014-12-19/sdtm/C66770/C48500","in","Inch"
"2051","527ae905-8406-4a7e-96e8-c36e2d25f59f","C66770","C28251","https://ct.d4k.dk/cdisc/dataset/sc/2014-06-27/sdtm/C66770/C28251","mm","Millimeter"
"2052","3900e49e-d8c2-47f8-900f-3fe11efbbb16","C66741","C98785","https://ct.d4k.dk/cdisc/dataset/sc/2011-12-09/sdtm/C66741/C98785","SSSKNF","Subscapular Skinfold Thickness"
"2053","a43ec7ad-cc4d-4cba-850e-a2b8a8ff4aba","C66770","C49668","https://ct.d4k.dk/cdisc/dataset/sc/2013-04-12/sdtm/C66770/C49668","cm","Centimeter"
"2054","9a4c3548-6779-490f-a5c5-84c7a63aa2e7","C66770","C48500","https://ct.d4k.dk/cdisc/dataset/sc/2014-12-19/sdtm/C66770/C48500","in","Inch"
"2055","4ccbf65f-beb7-4590-bfcb-cd190571365c","C66770","C28251","https://ct.d4k.dk/cdisc/dataset/sc/2014-06-27/sdtm/C66770/C28251","mm","Millimeter"
"2056","b2b55381-6199-4366-bc0c-596fcef858a4","C71153","C41255","https://ct.d4k.dk/cdisc/dataset/sc/2011-06-10/sdtm/C71153/C41255","INTP","Interpretation"
"2057","44f6fc1e-5dfe-4bac-bf4b-03adf59bab5b","C101834","C14165","https://ct.d4k.dk/cdisc/dataset/sc/2012-12-21/sdtm/C101834/C14165","NORMAL","Normal"
"2058","bd653ac9-8e6b-4caa-a390-aeba50cb54e0","C101834","C25401","https://ct.d4k.dk/cdisc/dataset/sc/2012-12-21/sdtm/C101834/C25401","ABNORMAL","Abnormal"
"2059","0ba3c88f-5664-4385-946e-63e66d6a38e3","C120527","C100453","https://ct.d4k.dk/cdisc/dataset/sc/2019-09-27/sdtm/C120527/C100453","PLSMDM","Plasmodium Measurement"
"2060","c332d5d9-b886-41af-8054-32d6b7fe97f3","C102580","C38757","https://ct.d4k.dk/cdisc/dataset/sc/2012-08-03/sdtm/C102580/C38757","NEGATIVE","Negative Finding"
"2061","66a890e0-075d-4d46-b676-615f94e30d46","C102580","C38758","https://ct.d4k.dk/cdisc/dataset/sc/2012-08-03/sdtm/C102580/C38758","POSITIVE","Positive Finding"
"2062","d480c20d-0c2a-4b7c-9d77-dfa10d939c3f","D000001","D100011","https://ct.d4k.dk/dataset/sc/2022-11-30/test-codes/D000001/D100011","PVIVAXA","Plasmodium vivax, Asexual"
"2063","c09812ce-7f10-4616-85f9-5f19a68ade6d","C71620","C116237","https://ct.d4k.dk/cdisc/dataset/sc/2014-06-27/sdtm/C71620/C116237","copies/uL","Copies per Microliter"
"2064","70576d04-4157-41bb-bd5b-be985c5a6fc8","D000001","D100012","https://ct.d4k.dk/dataset/sc/2022-11-30/test-codes/D000001/D100012","PVIVAXS","Plasmodium vivax, Sexual"
"2065","734f55f0-c851-4b72-94c1-c489aad10ef2","C71620","C116237","https://ct.d4k.dk/cdisc/dataset/sc/2014-06-27/sdtm/C71620/C116237","copies/uL","Copies per Microliter"
"2066","ec494bc0-72f4-43a7-a811-21fbc788f60d","D000001","D100013","https://ct.d4k.dk/dataset/sc/2022-11-30/test-codes/D000001/D100013","PFALCIPA","Plasmodium falciparum, Asexual"
"2067","6f7334cc-ac84-4f50-8240-38a270532273","C71620","C116237","https://ct.d4k.dk/cdisc/dataset/sc/2014-06-27/sdtm/C71620/C116237","copies/uL","Copies per Microliter"
"2068","01cb4bea-9f44-4809-9fa0-be7b33161906","D000001","D100010","https://ct.d4k.dk/dataset/sc/2022-10-01/test-codes/D000001/D100010","MEDHIST","Medical History"
"2069","d3d89301-8d69-429b-a0c2-8ccf0181770d","D000001","D100010","https://ct.d4k.dk/dataset/sc/2022-10-01/test-codes/D000001/D100010","MEDHIST","Medical History"
"2070","d9fc0f29-1b95-47b2-9297-120ed1de1f12","C66742","C49487","https://ct.d4k.dk/cdisc/dataset/sc/2017-09-29/protocol/C66742/C49487","N","No"
"2071","b0a83401-aa1c-448b-9d08-4d1484e917f1","C66742","C49488","https://ct.d4k.dk/cdisc/dataset/sc/2017-09-29/protocol/C66742/C49488","Y","Yes"
"2072","efd29b89-96bc-4a1e-bfdf-1706ebb2b7cd","C66742","C17998","https://ct.d4k.dk/cdisc/dataset/sc/2018-06-29/protocol/C66742/C17998","U","Unknown"
"2073","9ebc0824-ceb3-4745-9593-1c9b783f1966","C66742","C48660","https://ct.d4k.dk/cdisc/dataset/sc/2020-11-06/protocol/C66742/C48660","NA","Not Applicable"
"2074","cbd28cad-52a8-4e60-9187-9a93d1bd6552","C124300","C25681","https://ct.d4k.dk/cdisc/dataset/sc/2016-09-30/sdtm/C124300/C25681","SIZE","Size"
"2075","86a46359-bf22-4e3c-83fe-e48da1787212","C85492","C17230","https://ct.d4k.dk/cdisc/dataset/sc/2022-09-30/sdtm/C85492/C17230","ULTRASOUND","Ultrasound Imaging"
"2076","7276cdbd-2032-46bd-baa9-d550f2be13ee","C85492","C16950","https://ct.d4k.dk/cdisc/dataset/sc/2010-04-08/sdtm/C85492/C16950","PALPATION","Palpation"
"2077","5e13e6e9-4cb7-47f4-883a-d943affee26e","C74456","C12392","https://ct.d4k.dk/cdisc/dataset/sc/2017-03-31/sdtm/C74456/C12392","LIVER","Liver"
"2078","75ab23e7-97bc-4a69-9684-19c8785d196c","C71620","C49668","https://ct.d4k.dk/cdisc/dataset/sc/2013-04-12/sdtm/C71620/C49668","cm","Centimeter"
"2079","18b5a7ad-0d37-4ff7-9ce3-b20be2a4ac6d","C124300","C25681","https://ct.d4k.dk/cdisc/dataset/sc/2016-09-30/sdtm/C124300/C25681","SIZE","Size"
"2080","e2265059-a81d-467b-ba0c-f086af3f1c58","C85492","C17230","https://ct.d4k.dk/cdisc/dataset/sc/2022-09-30/sdtm/C85492/C17230","ULTRASOUND","Ultrasound Imaging"
"2081","34ff9b01-57e6-443c-bd31-63475b3be590","C85492","C16950","https://ct.d4k.dk/cdisc/dataset/sc/2010-04-08/sdtm/C85492/C16950","PALPATION","Palpation"
"2082","e5183bc7-6030-446e-8aee-5031a3ea0a7b","C74456","C12432","https://ct.d4k.dk/cdisc/dataset/sc/2015-06-26/sdtm/C74456/C12432","SPLEEN","Spleen"
"2083","64405d7a-456a-4995-a4fe-6b0fc915daeb","C71620","C49668","https://ct.d4k.dk/cdisc/dataset/sc/2013-04-12/sdtm/C71620/C49668","cm","Centimeter"
